"ACO_ID","med_ACI","mean_ACI","UpdatedBnchmk","N_AB","BnchmkMinExp","GenSaveLoss","ABtotBnchmk","ABtotExp","Exp_From_Climate","SavLoss_Climate","SavLoss_Climate_perc"
"A1001",0.342765125018554,0.37529393388159,13162,74992,62404688,62404688,966116777,903712089,8133408.801,70538096.801,0.130333298052864
"A1006",0.329971290158521,0.35372602075694,14438,30324,2482362,0,427696841,425214479,3826930.311,6309292.31099999,1.54164876476517
"A1023",0.398097992417197,0.41051268638204,10244,5194,3582129,3582129,52165596,48583467,437251.203,4019380.203,0.12206461660091
"A1026",0.323238005516375,0.35462245926218,12369,40219,8446253,0,483895147,475448894,4279040.046,12725293.046,0.506619923177769
"A1027",0.35929186670063,0.38886438095317,13556,7965,6608541,6608541,105115708,98507168,886564.512,7495104.51199999,0.134154197121573
"A1032",0.418837722493024,0.424665725714077,15875,5758,7798684,7798684,89238432,81439748,732957.732,8531641.73199999,0.0939847969221465
"A1033",0.341393671266129,0.36748024229038,12852,95585,77619589,77619589,1198112600,1120493011,10084437.099,87704026.099,0.129921289572919
"A1037",0.358827360199801,0.376567086225526,13378,6607,5099370,5099370,85818233,80718863,726469.767,5825839.767,0.142462650680379
"A1041",0.356675103511539,0.386365383138806,12773,13722,10481639,10481639,170635460,160153821,1441384.389,11923023.389,0.137515171911568
"A1051",0.300590968422537,0.339864086569309,11242,11049,16705344,16705344,121589728,104884384,943959.456,17649303.456,0.0565064362637489
"A1052",0.450840447218819,0.463938352022656,10900,6191,856019,856019,65434679,64578660,581207.94,1437226.94,0.67896616780702
"A1059",0.310847696486722,0.34432173609763,12780,26879,13471461,13471461,334351143,320879682,2887917.138,16359378.138,0.214372972463789
"A1061",0.388880530726179,0.413397804226258,10038,40537,7325698,7325698,397147502,389821805,3508396.245,10834093.245,0.47891617222004
"A1063",0.418112529940038,0.424112867347681,10060,8792,2412499,2412499,85448682,83036183,747325.647,3159824.647,0.309772417314992
"A1066",0.285060671497346,0.305583763941295,12409,27839,14889262,14889262,336586810,321697548,2895277.932,17784539.932,0.194454092620573
"A1070",0.337732706011957,0.371137569039962,26662,22904,-28610637,-28610637,555253455,583864092,5254776.828,-23355860.1720001,-0.183665146218169
"A1080",0.429445235462196,0.456871766920467,11296,5795,2180440,2180440,63162418,60981978,548837.802,2729277.802,0.251709655849279
"A1083",0.277425281669606,0.338514984170005,11086,6005,5360197,5360197,64570580,59210383,532893.447,5893090.447,0.0994167652793352
"A1095",0.396192839755378,0.440211009979012,11502,26130,11713839,11713839,291173549,279459710,2515137.39,14228976.39,0.214715038340546
"A1131",0.363190448949554,0.39278625270636,11347,13441,1463620,0,149292769,147829149,1330462.341,2794082.34099999,0.909021700304718
"A1161",0.321253811791615,0.354674889833637,16562,39237,27213629,27213629,633446089,606232460,5456092.14,32669721.14,0.200491163453429
"A1175",0.428688855912851,0.448584514004405,12377,31752,14198325,14198325,385727004,371528679,3343758.111,17542083.111,0.235503702795928
"A1196",0.459277170097097,0.473436452177874,11991,11317,7934995,7934995,133198624,125263629,1127372.661,9062367.66100001,0.142076039241362
"A1199",0.335912270198875,0.369484046948075,12709,13625,125311,0,169700174,169574864,1526173.776,1651483.77599999,12.1790806553295
"A1204",0.356291785653241,0.381536572360269,11403,34640,8670047,8670047,385547161,376877114,3391894.026,12061941.026,0.391219796847701
"A1215",0.404175822949965,0.423577991390589,12347,59578,51093023,51093023,715285396,664192373,5977731.357,57070754.357,0.116997018497026
"A1216",0.398121586540512,0.418538808807984,11628,15480,15670099,15670099,174979157,159309058,1433781.522,17103880.522,0.0914979236570244
"A1225",0.425663023659373,0.443286854610305,11292,12758,17622260,17622260,140131181,122508920,1102580.28,18724841.28,0.0625675299308943
"A1241",0.35226200927089,0.380622515912402,10921,14218,-3232195,0,150479693,153711888,1383406.992,-1848788.00799999,-0.428008518050431
"A1242",0.408051958957996,0.429535713960614,11833,25644,13160439,13160439,297322599,284162160,2557459.44,15717898.44,0.194329341141279
"A1247",0.32373650455251,0.348655441954764,12717,39221,21807614,21807614,485853642,464046028,4176414.252,25984028.252,0.191511746860522
"A1251",0.369376084385767,0.405217588369778,10625,8812,2511432,2511432,92109249,89597818,806380.362,3317811.362,0.321083494197734
"A1252",0.406385792267844,0.406669031017915,9788,25099,24134732,24134732,241006745,216872012,1951848.108,26086581.108,0.080873038407885
"A1262",0.395233160875648,0.414230119282497,10011,45886,31007299,31007299,447777865,416770566,3750935.094,34758234.094,0.120969423812115
"A1290",0.368061724581933,0.395520109862629,11742,44939,9311413,0,513305894,503994481,4535950.329,13847363.329,0.48713877571535
"A1297",0.373436398273657,0.410704424398196,11268,83179,14471853,0,911665910,897194058,8074746.522,22546598.522,0.557962102157889
"A1392",0.325764180723082,0.342652609411808,12332,7293,6103760,6103760,87627692,81523932,733715.388,6837475.388,0.120207116269315
"A1401",0.410618912489925,0.436271990088717,9619,9644,9602573,9602573,90475582,80873009,727857.081,10330430.081,0.0757981304594092
"A1403",0.390837673241733,0.416168644903234,11385,22223,16076321,16076321,246857180,230780859,2077027.731,18153348.731,0.129197950886898
"A1459",0.413309093909544,0.430965825970067,10945,21511,10535987,10535987,229403896,218867909,1969811.181,12505798.181,0.186960289624503
"A1484",0.317677158892105,0.346754748028619,13821,27848,9370300,9370300,374939668,365569368,3290124.312,12660424.312,0.351122622754872
"A1488",0.470718703705661,0.472211118721991,11237,10384,-108710,0,113232978,113341688,1020075.192,911365.192000002,-9.38345315058414
"A1490",0.363701123576769,0.39539898561629,12493,41269,7687035,0,503767402,496080367,4464723.303,12151758.303,0.58081214707621
"A1494",0.423832284465439,0.443831892547178,9413,5720,-754135,-754135,52354587,53108722,477978.498,-276156.501999997,-0.633810256784267
"A1501",0.314534811671601,0.355748477257616,11637,47241,23535830,23535830,536149953,512614123,4613527.107,28149357.107,0.196021432301304
"A1515",0.372190925586716,0.397571617179576,10969,7237,2732135,2732135,77752461,75020325,675182.925,3407318.925,0.247126853175263
"A1522",0.354621238705045,0.385580489535188,13893,19709,11521810,11521810,267122417,255600608,2300405.472,13822214.472,0.199656518550471
"A1535",0.416079702871444,0.443405777424351,12667,52866,27397752,27397752,654590298,627192546,5644732.914,33042484.914,0.206029053551548
"A1539",0.365812786449418,0.395689137852023,10409,23249,-13280553,-13280553,236275356,249555909,2246003.181,-11034549.819,-0.169119703147903
"A1540",0.35173566936979,0.384876883366472,14137,7207,7354963,7354963,98947417,91592454,824332.086,8179295.086,0.112078345737429
"A1552",0.339533626224266,0.362154633970114,11775,68507,35310705,35310705,785685679,750374974,6753374.766,42064079.766,0.191255732956904
"A1557",0.362103842061445,0.397530950490439,13509,6392,9103139,9103139,84268274,75165136,676486.224,9779624.22400001,0.0743134015640107
"A1596",0.302475723038258,0.348212960324272,10295,5612,3397618,3397618,55231324,51833705,466503.345,3864122.345,0.137303353408182
"A1617",0.474727314997322,0.480714823349331,10871,8940,5016924,5016924,94704447,89687523,807187.707,5824111.707,0.16089295093966
"A1622",0.275618785526116,0.324018503689459,10466,8154,5802883,5802883,81984059,76181176,685630.584,6488513.58400001,0.118153439247355
"A1628",0.351424402022703,0.389546559324781,11475,5775,-1206172,-1206172,64608776,65814948,592334.532,-613837.468000002,-0.491086289517579
"A1638",0.341057382504562,0.3667329693963,12508,70501,46377184,46377184,865151308,818774124,7368967.116,53746151.1160001,0.158892077535369
"A1652",0.273018973054976,0.293975467696229,11650,11305,2914281,0,128259522,125345240,1128107.16,4042389.16,0.387096563440518
"A1675",0.302514549084922,0.334901495639775,14426,7623,10907994,10907994,106926627,96018633,864167.697,11772161.697,0.0792233381316488
"A1694",0.370515765546621,0.388358039149715,10985,56698,13602596,13602596,609872151,596269555,5366425.995,18969021.995,0.3945148407701
"A1702",0.345276614290852,0.377765548689073,12493,7590,3802144,3802144,92679703,88877559,799898.031,4602042.031,0.210380782789921
"A1722",0.373563719325931,0.398395751260051,12436,8201,-483196,0,99449030,99932226,899390.034,416194.033999994,-1.86133584301193
"A1736",0.511693109462547,0.531079100782543,10953,10490,226381,0,112355867,112129485,1009165.365,1235547.36499999,4.45782271922111
"A1737",0.289574645957114,0.324538096483724,10896,2434,2488399,2488399,25713715,23225316,209027.844,2697426.844,0.084000935541286
"A1749",0.340856594504872,0.37666887140964,13932,26429,7289983,0,357674517,350384534,3153460.806,10443443.806,0.432574507512568
"A1769",0.327931662398347,0.349151893235026,13031,3933,6484888,6484888,49705196,43220309,388982.781,6873869.781,0.0599828063337413
"A2000",0.346546737257798,0.38502032807253,12037,16689,17385451,17385451,196952181,179566729,1616100.561,19001552.561,0.0929571261050398
"A2019",0.342668030694199,0.370147292134325,10625,24225,5326725,0,250853638,245526913,2209742.217,7536467.21700001,0.414840679216593
"A2021",0.506543991447514,0.512257591680886,12915,12921,10918240,10918240,162375076,151456836,1363111.524,12281351.524,0.124847184527908
"A2024",0.340178576944844,0.358374585502725,12083,78520,29635159,29635159,925350154,895714995,8061434.955,37696593.955,0.27202266588143
"A2029",0.345797912358673,0.37120268520439,10397,39722,574258,574258,403519746,402945488,3626509.392,4200767.39200002,6.31512210887793
"A2032",0.238231211721657,0.279520808305549,10956,15131,-814301,0,161952571,162766872,1464901.848,650600.84799999,-1.79896849936325
"A2033",0.325722318838891,0.365365844535756,13047,6463,6354887,6354887,82241501,75886615,682979.535,7037865.535,0.10747296293388
"A2035",0.455992480405006,0.46765222652436,10102,7205,1307880,0,71354409,70046529,630418.761,1938298.76100001,0.482015751445092
"A2057",0.336683165821363,0.353591746721364,10127,60854,60042040,60042040,602819407,542777366,4884996.294,64927037.294,0.0813596155960062
"A2067",0.521115146693928,0.535407786168814,10630,7227,5925040,5925040,75021218,69096179,621865.611,6546904.611,0.104955343930168
"A2070",0.39646608577067,0.393380617633652,10624,7306,-1666977,0,75438739,77105716,693951.444,-973025.555999994,-0.416293352577753
"A2083",0.37857243886047,0.409989682390986,12584,7029,4191728,4191728,86038008,81846280,736616.52,4928344.52,0.175730992087272
"A2097",0.30701023087842,0.346977591745617,11014,15124,14067080,14067080,162220631,148153551,1333381.959,15400461.959,0.0947874014365449
"A2098",0.353669355341811,0.386441546309884,11712,86482,55226371,55226371,990746330,935519959,8419679.631,63646050.631,0.152457593691971
"A2100",0.305140137518988,0.34451549738264,12753,8940,8645470,8645470,111538650,102893180,926038.62,9571508.62,0.107112582658896
"A2107",0.310707140579018,0.349209878023313,16190,6972,12367881,12367881,110234037,97866156,880795.404,13248676.404,0.0712163550085903
"A2120",0.33671312984828,0.367284235903298,10329,17900,7161501,7161501,179631661,172470160,1552231.44,8713732.44,0.21674666246643
"A2141",0.300171793940265,0.31232131733614,9534,14518,9499518,9499518,135607948,126108430,1134975.87,10634493.87,0.119477206106668
"A2142",0.364966637091446,0.398993089310897,13584,3190,3959770,3959770,41851577,37891806,341026.254,4300797.254,0.0861229955275182
"A2147",0.364115550812409,0.401623764692025,10939,9909,7938693,7938693,104694558,96755865,870802.785,8809495.785,0.109690951016748
"A2148",0.293518049619852,0.330941634990794,11562,7665,-666273,0,86082310,86748583,780737.247,114464.246999994,-1.17179781711099
"A2164",0.444925911572894,0.462399212052889,10833,26055,-432055,0,276064930,276496985,2488472.865,2056417.86500001,-5.75962056914052
"A2171",0.318453330756184,0.338842678090472,10504,20597,9140280,9140280,212156587,203016307,1827146.763,10967426.763,0.199900524163375
"A2187",0.260615004921347,0.317821897864888,11270,5982,-281769,0,65117708,65399476,588595.284,306827.284000002,-2.08893201168334
"A2189",0.297862084257834,0.325842351253658,9934,10687,1850837,0,103847566,101996729,917970.561,2768807.561,0.495975907656917
"A2193",0.3346740283428,0.359522576180783,10871,21946,6678426,6678426,232428361,225749935,2031749.415,8710175.41499999,0.304225788381872
"A2198",0.36109079425919,0.400902733587255,12347,16748,4948581,4948581,200639161,195690580,1761215.22,6709796.22,0.355903080095082
"A2202",0.480957186616095,0.502236302738498,11425,5820,6858847,6858847,64591074,57732227,519590.043,7378437.043,0.0757547213110305
"A2205",0.373434753063568,0.398227711864787,12010,13246,8060066,8060066,154865496,146805430,1321248.87,9381314.87,0.163925316492446
"A2207",0.424707738787915,0.440393729692987,9824,11635,4351045,4351045,111857335,107506290,967556.61,5318601.61,0.222373386163554
"A2217",0.273118467952276,0.272581546988843,11354,11613,2932569,0,128300700,125368130,1128313.17,4060883.17,0.384752812295295
"A2246",0.413758019332998,0.469407982031166,11905,4659,5323313,5323313,53556804,48233491,434101.419,5757414.419,0.0815472280138327
"A2247",0.485261023375831,0.489882229461503,12152,6890,3964507,3964507,81655953,77691446,699223.014,4663730.014,0.176370735125452
"A2251",0.380928412234175,0.398523244232312,11024,38957,35991495,35991495,420064992,384073498,3456661.482,39448155.482,0.0960410364170756
"A2266",0.321048506432185,0.344344509959401,10903,8168,3501143,3501143,86853408,83352265,750170.385,4251313.38500001,0.214264423075551
"A2272",0.354298728452187,0.38629187076436,12199,17343,9881669,9881669,206679516,196797847,1771180.623,11652849.623,0.179239015494245
"A2284",0.372671011502402,0.466269692472827,11610,5672,7744022,7744022,63833308,56089286,504803.574,8248825.574,0.0651862267436741
"A2286",0.349707459119276,0.400464893313622,14725,8016,8500550,8500550,115283833,106783283,961049.547,9461599.54700001,0.113057337113482
"A2299",0.348459079950666,0.387822675196217,11271,21382,2785743,0,235347183,232561440,2093052.96,4878795.96000001,0.751344599986434
"A2308",0.30083747132911,0.323744803922989,9000,18481,999385,0,162282851,161283467,1451551.203,2450935.20300001,1.45244345572528
"A2309",0.4356011362362,0.453577318966759,10187,23625,23957263,23957263,235896650,211939387,1907454.483,25864717.483,0.0796190484280283
"A2311",0.337372020778353,0.373436122036481,13495,11103,-2630106,0,145363414,147993520,1331941.68,-1298164.31999999,-0.506421292525855
"A2337",0.353757747941099,0.380970101277694,13322,5062,4738970,4738970,65647559,60908589,548177.301,5287147.301,0.115674355608919
"A2342",0.34938289634377,0.369566419288771,11777,119531,98966170,98966170,1376365108,1277398939,11496590.451,110462759.451,0.116166862383378
"A2366",0.416326118276871,0.424576836578705,15551,5234,7089751,7089751,78703770,71614018,644526.162,7734278.162,0.0909097035988994
"A2419",0.321253521570121,0.350601367727218,11186,47483,19016127,19016127,519001706,499985579,4499870.211,23515997.211,0.236634421457115
"A2452",0.315194055949897,0.342084736026278,13031,6682,-733063,0,85412181,86145244,775307.196,42244.1959999949,-1.05762696521308
"A2490",0.336814928177146,0.382952064185214,12824,9514,4341608,4341608,119115400,114773792,1032964.128,5374572.12800001,0.23792201599039
"A2500",0.330216416783444,0.360885828415102,11897,51367,21925202,21925202,594085394,572160192,5149441.728,27074643.728,0.234864049507961
"A2506",0.421805277424801,0.440489371943685,11894,21667,8808348,8808348,250855755,242047408,2178426.672,10986773.672,0.247313760991277
"A2528",0.330620549471136,0.36943147084828,12863,7577,1355454,0,94377152,93021698,837195.282,2192649.28200001,0.617649349959501
"A2530",0.32860216599839,0.346978591320464,9427,31922,13146496,13146496,295232742,282086246,2538776.214,15685272.214,0.193114287944102
"A2542",0.426800510566829,0.45067179783545,11563,121396,83595632,83595632,1371453571,1287857939,11590721.451,95186353.451,0.13865223784659
"A2543",0.381341719666958,0.39569112817605,10364,9357,4003140,4003140,95450776,91447636,823028.724,4826168.72400001,0.205595788306181
"A2550",0.371207337335515,0.396500721147049,12835,41713,31476150,31476150,522720130,491243980,4421195.82,35897345.82,0.140461772484881
"A2551",0.351185095346574,0.38898156263429,11667,6472,13464564,13464564,74163096,60698532,546286.788,14010850.788,0.0405721854788616
"A2557",0.33294915165038,0.349267823438735,11796,14018,12113432,12113432,161593101,149479669,1345317.021,13458749.021,0.111059939165052
"A2559",0.349006318321745,0.373749112024935,11368,9159,533065,0,101335052,100801987,907217.883,1440282.883,1.70188979392757
"A2569",0.340043539800379,0.382009352432996,11219,9368,2420724,2420724,101753124,99332400,893991.6,3314715.59999999,0.369307529482913
"A2571",0.341400143255974,0.362386834344839,14418,38784,10144641,0,545457768,535313128,4817818.152,14962458.152,0.474912532833833
"A2575",0.308119392880194,0.345711877047871,10522,43373,5626851,5626851,445797705,440170854,3961537.686,9588388.68599999,0.704041689747958
"A2587",0.31937745578595,0.354793229050453,11107,17951,-1871737,0,193522271,195394008,1758546.072,-113190.928000003,-0.939526264640811
"A2591",0.335141374576388,0.369598163576018,9541,34639,4556662,0,322945043,318388381,2865495.429,7422157.42900002,0.628858455817004
"A2592",0.342755360679352,0.368036286010902,12477,40881,31073688,31073688,499993978,468920290,4220282.61,35293970.61,0.135815311333499
"A2597",0.372811913245076,0.460501954093765,10788,8478,2530107,2530107,88463386,85933279,773399.511,3303506.51100001,0.305678578415856
"A2598",0.352263043963173,0.384806107242182,12397,45125,13217930,13217930,544350397,531132467,4780192.203,17998122.2029999,0.361644539122234
"A2599",0.405552485979357,0.442891334715653,11242,8909,1437035,0,97540119,96103085,864927.765,2301961.765,0.601882880375217
"A2600",0.383916236476377,0.415909656484372,10008,23437,12298979,12298979,229297660,216998681,1952988.129,14251967.129,0.158792703768338
"A2602",0.24223648675553,0.298046262603308,11135,7462,-305936,0,80549622,80855559,727700.031,421763.031000003,-2.37859889323258
"A2612",0.331556201328769,0.367569775953046,12415,11708,3571628,0,141605053,138033425,1242300.825,4813928.82499999,0.347824808462692
"A2616",0.415019420980447,0.431104891075581,11213,119919,83484383,83484383,1311421321,1227936937,11051432.433,94535816.4330001,0.132377254713616
"A2619",0.347195593098312,0.381065884353874,12513,29403,1276918,0,354423693,353146774,3178320.966,4455239.96600002,2.48905721902269
"A2620",0.331553520017587,0.362674124896347,11851,83471,-25781921,0,964536686,990318606,8912867.454,-16869052.546,-0.345702263768475
"A2628",0.391238918304042,0.405589233820282,13109,6759,1320402,0,85993375,84672972,762056.748,2082459.748,0.577140710177655
"A2631",0.343768539521382,0.376741066724575,13856,16603,3735092,0,223866241,220131149,1981180.341,5716272.34099999,0.530423438298171
"A2634",0.416252444921008,0.422880292919817,12521,4910,3351530,3351530,60413273,57061743,513555.687,3865085.687,0.153230222316375
"A2643",0.314541514615606,0.350328258034703,11932,5342,10462598,10462598,62519226,52056628,468509.652,10931107.652,0.0447794756139921
"A2645",0.362325951409224,0.401285260080643,10840,21605,3804338,0,229086547,225282209,2027539.881,5831877.88100001,0.532954716694471
"A2660",0.405175943641989,0.417972448527322,10184,9632,971514,0,95785912,94814397,853329.573,1824844.573,0.878351287783808
"A2666",0.363706445708106,0.403652472553742,13694,11275,8904674,8904674,150354873,141450198,1273051.782,10177726.782,0.142964557938899
"A2671",0.380457571954161,0.408441055282273,26714,11512,31077247,31077247,284972906,253895660,2285060.94,33362306.94,0.0735283900790825
"A2683",0.309134564174233,0.350576830053313,15402,5678,4214681,4214681,85524338,81309657,731786.913,4946467.913,0.17362806651322
"A2684",0.301157979341133,0.336007946370179,10874,27425,13220162,13220162,289507207,276287045,2486583.405,15706745.405,0.188090237093915
"A2695",0.34174154387401,0.37858283507928,13524,26494,9907455,9907455,349473469,339566014,3056094.126,12963549.126,0.308464093553792
"A2704",0.315658200550035,0.356972369183197,12173,6118,4801577,4801577,72734099,67932522,611392.698,5412969.698,0.127331644999132
"A2706",0.502636802040278,0.509524341841454,11611,9297,11248680,11248680,105730652,94481972,850337.748,12099017.748,0.0755944473484885
"A2710",0.45771464175354,0.486767484348546,13043,13331,-2983692,-2983692,168355997,171339688,1542057.192,-1441633.808,-0.516828879120231
"A2714",0.389701835095058,0.425978059239554,11845,7881,-1072847,0,90977562,92050410,828453.69,-244394.310000002,-0.772200220534706
"A2729",0.369095774818598,0.395354830797365,11695,77818,21190611,21190611,887038743,865848131,7792633.179,28983245.179,0.367739947611705
"A2735",0.325168843847283,0.349253002986561,10901,39412,-1419424,0,418084300,419503724,3775533.516,2356109.51599997,-2.65990536724754
"A2754",0.301895536791982,0.318445769321463,11114,9694,12464017,12464017,104963673,92499657,832496.913,13296512.913,0.0667919429987942
"A2762",0.42597101098008,0.471899426271748,10462,9193,-3477406,0,94129281,97606687,878460.183,-2598945.817,-0.252619390143112
"A2765",0.343398857319302,0.375067604452397,11388,12174,-1183524,0,136200272,137383796,1236454.164,52930.1640000045,-1.04472251006317
"A2772",0.361307190463701,0.390348039391406,9601,10899,12966525,12966525,102928091,89961566,809654.094,13776179.094,0.0624418719741794
"A2773",0.407815571877922,0.425491147916753,10885,6693,8224228,8224228,71446732,63222504,569002.536,8793230.536,0.0691861334583621
"A2778",0.299447736530926,0.342006303081447,10163,18779,4708995,4708995,186501520,181792525,1636132.725,6345127.72499999,0.347448388668919
"A2783",0.294758462182439,0.334111350800619,11393,22701,13020604,13020604,251178708,238158104,2143422.936,15164026.936,0.16461778086485
"A2801",0.354526278904347,0.394841267236772,11964,6429,4362303,4362303,74952357,70590055,635310.495,4997612.495,0.145636260250607
"A2802",0.380593775965324,0.41261242902435,12956,6281,8246812,8246812,78582870,70336058,633024.522,8879836.522,0.0767599069798123
"A2809",0.433017076560966,0.460220716050508,10600,5983,5746231,5746231,61616913,55870683,502836.147,6249066.147,0.0875069496858027
"A2811",0.35091924887339,0.376092683313119,9337,29149,17520514,17520514,267565287,250044773,2250402.957,19770916.957,0.1284438890891
"A2831",0.382417268746606,0.410213523169476,10545,15616,11363866,11363866,159617439,148253573,1334282.157,12698148.157,0.117414457104651
"A2833",0.431629041629989,0.432479380550905,9736,7864,2021210,2021210,74834488,72813278,655319.502,2676529.502,0.324221383230839
"A2840",0.357263027267266,0.396982338326361,10183,6581,3956293,3956293,65046511,61090218,549811.962,4506104.962,0.138971497308212
"A2841",0.263703790644765,0.314678337086698,10567,14624,-1060972,0,150921356,151982329,1367840.961,306867.960999995,-1.28923285534396
"A2844",0.298088934786004,0.31490929347855,12897,22691,12768843,12768843,286071416,273302574,2459723.166,15228565.166,0.192634694153574
"A2880",0.436718567051436,0.460452695651025,12383,18906,16914833,16914833,227507069,210592236,1895330.124,18810163.124,0.112051364858288
"A2909",0.34492627645612,0.377543422525533,11406,13405,9197893,9197893,149608969,140411076,1263699.684,10461592.684,0.137390126630086
"A2916",0.458372043116615,0.482385693873338,10413,17278,18058076,18058076,175550400,157492324,1417430.916,19475506.916,0.0784929089898619
"A2918",0.466520060924922,0.533379729536253,12031,14816,26232749,26232749,173689954,147457206,1327114.854,27559862.854,0.0505899650090047
"A2920",0.399559763722677,0.415304895896474,10317,8861,6312653,6312653,88637496,82324843,740923.587,7053576.587,0.117371188785444
"A2952",0.487906377179308,0.501723762664023,14018,4804,7734152,7734152,65492051,57757899,519821.091,8253973.091,0.0672111294166443
"A2973",0.37859242629865,0.405781867314566,30721,12808,7221974,7221974,350488624,343266650,3089399.85,10311373.85,0.427777758546351
"A2975",0.404620146161821,0.431512411168864,10456,57616,9082286,0,585795684,576713398,5190420.582,14272706.582,0.571488343573415
"A3004",0.340366891052783,0.371972502285456,13409,7652,1563960,0,99451425,97887466,880987.194,2444946.19400001,0.563304812143537
"A3016",0.419188427951164,0.445616220912431,11057,23807,5536032,0,255861935,250325902,2252933.118,7788966.118,0.406958290342253
"A3029",0.460252691593898,0.486476759223521,11671,63448,36563073,36563073,722242639,685679566,6171116.094,42734189.094,0.16878001731419
"A3030",0.318144506681156,0.349066880590497,13857,73226,32889164,32889164,990659686,957770522,8619934.698,41509098.698,0.262090416709891
"A3047",0.420275248545086,0.452029800663694,11770,18714,27780008,27780008,214743809,186963801,1682674.209,29462682.209,0.0605714083667647
"A3053",0.340272733998814,0.359198690740002,11850,27724,9509781,9509781,320252096,310742315,2796680.835,12306461.835,0.294084672927797
"A3094",0.262578995037336,0.299800705534291,10626,12666,6711489,6711489,131793757,125082268,1125740.412,7837229.412,0.16773333190295
"A3103",0.389602058014997,0.433986051285014,11589,3298,3874964,3874964,37287006,33412043,300708.387,4175671.387,0.0776026272760217
"A3105",0.339442354246866,0.387001853484691,13071,5480,-1956442,0,68773493,70729936,636569.424,-1319873.57600001,-0.325370455142547
"A3151",0.372712536771571,0.418919589285826,12808,8197,2299619,2299619,101388706,99089087,891801.783,3191420.78300001,0.387804146252056
"A3195",0.34868394158853,0.367994750298042,10474,6213,-980255,0,63346635,64326890,578942.01,-401312.990000002,-0.590603475626238
"A3224",0.316847075844547,0.351903983657649,11740,61474,28632580,28632580,703183092,674550512,6070954.608,34703534.608,0.21202960431788
"A3228",0.492154448551873,0.519006791005188,12266,5611,-268292,0,67062026,67330318,605972.862,337680.862000003,-2.25863187124478
"A3229",0.320998971642514,0.341525567713749,10623,60252,22965884,22965884,627372645,604406761,5439660.849,28405544.849,0.236858326420179
"A3235",0.354398919000498,0.385695277710559,12249,9534,-891319,0,113524508,114415827,1029742.443,138423.443000004,-1.15530179767289
"A3236",0.318383183361745,0.364629040068971,10219,30542,23631452,23631452,304660841,281029389,2529264.501,26160716.501,0.107029585020844
"A3247",0.553115995368928,0.55184387055602,10973,7539,375308,0,80888438,80513130,724618.17,1099926.17,1.93072934762915
"A3250",0.328687094985914,0.366448887880915,10153,69954,38501796,38501796,693627576,655125780,5896132.02,44397928.02,0.153139142392214
"A3253",0.402698540090658,0.419885108589286,16206,8872,6047188,6047188,139274650,133227462,1199047.158,7246235.15799999,0.198281772949674
"A3266",0.301987510561354,0.321999406600308,24543,6586,-23250451,0,152317750,175568201,1580113.809,-21670337.191,-0.0679605659692358
"A3272",0.334698399406335,0.349937893472838,11938,8861,5401715,5401715,104045593,98643878,887794.902,6289509.902,0.164354265636005
"A3273",0.393923302083392,0.410622117355285,11298,35544,5331732,5331732,392443897,387112165,3484009.485,8815741.48500001,0.653447976192354
"A3274",0.511373308422329,0.530062033019822,11895,9567,9972134,9972134,110910373,100938239,908444.151,10880578.151,0.0910982695378936
"A3280",0.515158185508247,0.542358870093545,11812,15376,10664508,10664508,177038742,166374233,1497368.097,12161877.097,0.140406767663356
"A3281",0.314320406080314,0.346009807164993,10312,25164,318052,0,255343725,255025673,2295231.057,2613283.05700001,7.21652766528747
"A3283",0.405107622173552,0.427892588591994,12896,25194,15611189,15611189,315555263,299944073,2699496.657,18310686.657,0.172920695342296
"A3287",0.45722830340704,0.461591814358736,13011,14952,-41385,0,188587471,188628857,1697659.713,1656273.713,-41.021111827957
"A3289",0.306048853694496,0.342539085304436,10691,44741,35324814,35324814,465947611,430622797,3875605.173,39200419.173,0.109713392206396
"A3299",0.386836582161982,0.403425661505696,12639,19660,10278184,10278184,243546377,233268192,2099413.728,12377598.728,0.204259305729493
"A3302",0.365393516975348,0.384836847677833,9662,18763,7663799,7663799,175539122,167875322,1510877.898,9174677.898,0.197144901373327
"A3317",0.36492509839277,0.415548150877168,11272,38903,383857,0,425382661,424998804,3824989.236,4208846.236,9.96462025181253
"A3318",0.328871422581481,0.359447218493897,11235,30006,13728812,13728812,329695222,315966410,2843697.69,16572509.69,0.207133558970725
"A3319",0.323846515779158,0.335509311495763,11971,5899,6343098,6343098,69113655,62770557,564935.013,6908033.013,0.0890629488934266
"A3320",0.509725140046363,0.51934042276835,12986,20625,1375938,0,259212007,257836068,2320524.612,3696463.61199999,1.68650448784755
"A3323",0.337701874196107,0.354039999079101,10910,32955,12515269,12515269,351540271,339025002,3051225.018,15566494.018,0.243800194626261
"A3324",0.262573785034367,0.296342654331714,10188,5778,2686911,2686911,57539187,54852276,493670.484,3180581.484,0.18373161001611
"A3325",0.318401363994371,0.355778023932518,10727,63313,9383882,0,663144952,653761070,5883849.63,15267731.63,0.627016583328733
"A3327",0.333594283721924,0.358599054305693,15626,43136,11703521,0,658701577,646998057,5822982.513,17526502.513,0.497540997533991
"A3336",0.352944379474374,0.397404262770901,11827,16189,-180377,0,186556887,186737264,1680635.376,1500258.37599999,-9.31734853113195
"A3361",0.415823783116984,0.459235816300889,12052,5712,3689869,3689869,66151125,62461256,562151.304,4252020.304,0.152349935458413
"A3365",0.332525703532237,0.368604311131914,12261,18004,15306308,15306308,214317164,199010856,1791097.704,17097405.704,0.117016964770342
"A3367",0.345589970815901,0.359220241022367,13850,9953,10127708,10127708,133491274,123363567,1110272.103,11237979.103,0.109627084726375
"A3378",0.316565242313444,0.353211715543594,12243,14119,9204992,9204992,169130457,159925466,1439329.194,10644320.194,0.156363872342312
"A3379",0.396807118243516,0.409020910125936,12836,13211,11932282,11932282,165798989,153866707,1384800.363,13317082.363,0.116054947662149
"A3380",0.30315467966145,0.33862092058448,10552,33429,2027067,0,344097605,342070538,3078634.842,5105701.84200001,1.51876323870894
"A3391",0.336680420700157,0.372969448174572,10318,14899,5522634,5522634,150306105,144783471,1303051.239,6825685.23899999,0.235947419111966
"A3397",0.315533305161802,0.346923266589204,12540,25376,-4256121,0,308302460,312558580,2813027.22,-1443092.77999997,-0.660937088019826
"A3442",0.303872659750158,0.338679695209112,11527,20928,-8662810,-8662810,235989864,244652674,2201874.066,-6460935.93400002,-0.254175500328414
"A3452",0.325722318838891,0.360848103555601,14235,14064,6659593,6659593,195097902,188438310,1695944.79,8355536.78999999,0.254661777378887
"A3454",0.343389348273515,0.364970942424962,11764,133776,56016993,56016993,1535890840,1479873847,13318864.623,69335857.6229999,0.237764719412909
"A3457",0.347161110314568,0.365983344472831,11406,25277,40726804,40726804,282195032,241468227,2173214.043,42900019.043,0.0533608049136383
"A3458",0.397580910563554,0.425474319585707,10805,35524,48425480,48425480,374431645,326006165,2934055.485,51359535.485,0.0605890841969974
"A3466",0.46415097966375,0.518974107696197,10790,7756,6779714,6779714,80326297,73546583,661919.247,7441633.24699999,0.0976323259358719
"A3473",0.43460049211126,0.457778977290345,14059,40057,45156166,45156166,553410943,508254777,4574292.993,49730458.993,0.101299410428247
"A3476",0.345280557795635,0.377954631626094,11968,16385,2504329,0,190436733,187932403,1691391.627,4195721.627,0.675387549718908
"A3477",0.414237159305934,0.42209391038936,10224,14740,15270028,15270028,145891349,130621321,1175591.889,16445619.889,0.076986884961835
"A3486",0.519933642461473,0.539285902176217,11356,15407,10348629,10348629,169744280,159395652,1434560.868,11783188.868,0.138623180713117
"A3504",0.323941310125584,0.355541841448125,10364,62437,22818312,22818312,633581703,610763392,5496870.528,28315181.528,0.240897290211476
"A3507",0.330403935497635,0.35148932886491,9987,6717,1216303,1216303,65579411,64363109,579267.981,1795569.981,0.47625220113738
"A3509",0.441234561158488,0.45031623969174,10508,9408,9411633,9411633,97106192,87694559,789251.031,10200884.031,0.0838590955469686
"A3521",0.363086052104434,0.382049594468984,12487,40557,-8916835,0,497990590,506907425,4562166.825,-4354668.17500001,-0.511635218662226
"A3527",0.456945925067172,0.47349298547234,11674,8518,-2184486,0,96303776,98488263,886394.367,-1298092.633,-0.405767474362389
"A3531",0.329488546346001,0.372108041474247,17299,8365,4625311,4625311,140575552,135950241,1223552.169,5848863.169,0.264534032198051
"A3539",0.372035269432698,0.403607644688135,14811,5349,1730829,1730829,77313078,75582248,680240.232,2411070.23199999,0.393014695270297
"A3547",0.367463026943199,0.388843443382489,10233,43819,3644272,0,435502889,431858617,3886727.553,7530999.55299997,1.06653058635579
"A3554",0.333508989502593,0.346048661511711,9768,13157,5172672,5172672,125597925,120425253,1083827.277,6256499.277,0.209529480508332
"A3555",0.373453351216027,0.429655161721198,10300,10281,-1865594,0,103153108,105018702,945168.318,-920425.681999996,-0.506631302416283
"A3557",0.355590452543544,0.389036674786108,13156,6102,4683037,4683037,78598843,73915806,665242.254,5348279.25399999,0.14205359769739
"A3560",0.326772480272191,0.353573761192122,12818,42013,38341669,38341669,524238608,485896939,4373072.451,42714741.451,0.114055349311997
"A3563",0.372404489976346,0.385897100704993,12002,34889,15205275,15205275,406814225,391608949,3524480.541,18729756.541,0.231793344151948
"A3566",0.393314103556501,0.42220348772488,12816,59485,25743158,25743158,738914194,713171036,6418539.324,32161697.324,0.249329912204245
"A3578",0.261562849182611,0.287833051081628,12650,10427,3075094,0,128204389,125129294,1126163.646,4201258.646,0.366221210148372
"A3579",0.336315096161193,0.374174996584398,11084,10406,1147452,0,112237947,111090495,999814.455,2147266.455,0.871334447976907
"A3588",0.343768539521382,0.375143698368422,13099,36771,4230464,0,471626926,467396462,4206568.158,8437032.15799999,0.99435148437618
"A3591",0.320959231927012,0.351507744401156,14097,17959,6427132,6427132,247089961,240662828,2165965.452,8593098.45199999,0.337003573600168
"A3596",0.47071520004141,0.484180773831526,12590,6681,-1032085,0,82017215,83049300,747443.7,-284641.299999997,-0.724207502289059
"A3597",0.406519667897517,0.409964015029038,15607,7151,-8088368,0,108073830,116162198,1045459.782,-7042908.21799999,-0.129254725057021
"A3599",0.329694230993619,0.34658744517921,11213,13877,1269302,0,151994772,150725470,1356529.23,2625831.22999999,1.0687206275575
"A3613",0.341674832994374,0.342364466288463,9919,7203,2238195,0,69675193,67436998,606932.982,2845127.98199999,0.271170734453429
"A3617",0.39645726091267,0.392859361445674,9825,9442,-462690,0,91063595,91526284,823736.556,361047.555999994,-1.78032279928244
"A3621",0.370407206233595,0.374855123276257,10922,17378,5633128,5633128,184994013,179360885,1614247.965,7247375.965,0.286563338344167
"A3623",0.373011923657097,0.389174642737912,10138,12970,325083,0,128493766,128168683,1153518.147,1478601.147,3.54838040438903
"A3624",0.386585869629942,0.404085089024142,14450,23022,-12502834,-12502834,325780267,338283101,3044547.909,-9458286.09100002,-0.243508624444664
"A3630",0.264265612441262,0.31989440635404,9530,15177,6219087,6219087,140995719,134776632,1212989.688,7432076.68799999,0.195043048601828
"A3631",0.369934759077461,0.37913993329229,11315,36329,11678570,11678570,401519612,389841042,3508569.378,15187139.378,0.300427995722081
"A3632",0.395494942600027,0.421240663196731,12950,19433,-7380155,-7380155,244852495,252232650,2270093.85,-5110061.15000001,-0.307594332368357
"A3633",0.462128453664852,0.487949749211169,12317,32189,17096684,17096684,385538109,368441425,3315972.825,20412656.825,0.193954150699632
"A3644",0.500142493487022,0.512492768527024,11392,37199,8801284,0,412810783,404009499,3636085.491,12437369.491,0.413131253462563
"A3663",0.461691848489727,0.475022413459879,13201,15395,-921941,0,196140510,197062450,1773562.05,851622.050000012,-1.92372727755899
"A3664",0.397580910563554,0.429479119577831,10693,22127,4213798,0,230693427,226479629,2038316.661,6252114.66100001,0.483724341081374
"A3667",0.320647198445796,0.341359286727081,11664,6063,540988,0,69092223,68551235,616961.115,1157949.11499999,1.14043401147529
"A3669",0.345562333896764,0.375852061771908,10427,10247,-3275027,-3275027,104365448,107640475,968764.275,-2306262.72499999,-0.29580344681128
"A3671",0.313110317336904,0.337995836472116,11461,8782,-1059012,0,98032422,99091434,891822.906,-167189.093999997,-0.842127290342322
"A3675",0.31281169183602,0.344629554786401,10027,60368,-508355,0,591534464,592042819,5328385.371,4820030.37100005,-10.481622824601
"A3677",0.30267230497419,0.329590072567328,9870,38692,1644094,0,372757077,371112983,3340016.847,4984110.847,2.03152426017004
"A3692",0.369593310614428,0.395553014348481,9978,7850,1082841,0,76632447,75549606,679946.454,1762787.454,0.627928249853853
"A3694",0.47443460539702,0.492969321973803,10790,11125,5320923,5320923,117056304,111735381,1005618.429,6326541.42900001,0.188993230873667
"A3696",0.332997765157137,0.376387198610616,9690,13603,2517407,0,128755642,126238235,1136144.115,3653551.11499999,0.451315228328194
"A3698",0.361815041746149,0.406612659517655,10855,12100,-102795,0,128081578,128184373,1153659.357,1050864.35699999,-11.2229131475266
"A3702",0.333204592253573,0.362918905039781,11237,48334,12308206,12308206,531372143,519063937,4671575.433,16979781.433,0.379549662477215
"A3712",0.385345674091945,0.40539831974136,12706,9852,6142219,6142219,121831546,115689327,1041203.943,7183422.943,0.169515926247502
"A3714",0.43851877639283,0.461499814654805,10621,15961,12611493,12611493,164850230,152238736,1370148.624,13981642.624,0.10864293577295
"A3715",0.392288282561314,0.415239006249241,9947,13318,5908695,5908695,129401832,123493137,1111438.233,7020133.233,0.188102149967124
"A3716",0.2977194389775,0.32552122652278,10749,9813,2032105,0,102867485,100835380,907518.42,2939623.42,0.446590318905766
"A3717",0.419892136915243,0.428601734355494,13529,12118,-8506131,0,159477970,167984101,1511856.909,-6994274.09099999,-0.177737317824051
"A3719",0.336996553320942,0.372412779753725,10633,3900,-835863,0,40312548,41148410,370335.69,-465526.310000002,-0.443059077863236
"A3720",0.421568255651895,0.440537734217677,10081,14389,2756178,0,141985814,139229636,1253066.724,4009244.72400001,0.454639259147997
"A3722",0.353978349888313,0.40212549328779,10973,12890,2869436,0,137510350,134640914,1211768.226,4081204.22600001,0.42230188301813
"A3723",0.337372020778353,0.352906369149296,9949,10045,5878766,5878766,97766645,91887879,826990.911,6705756.911,0.140674235205143
"A3724",0.35226200927089,0.383960732927072,9449,10842,2518137,0,99743923,97225786,875032.074,3393169.074,0.3474918457574
"A3730",0.396227104317592,0.411648302128548,10331,8287,2085129,2085129,83841793,81756664,735809.976,2820938.976,0.352884630159571
"A3731",0.438144545075125,0.43610388586403,11401,5928,3124276,3124276,65743425,62619149,563572.341,3687848.341,0.180384940703061
"A3738",0.341635902561312,0.384666491797143,12620,14712,1181807,0,180044027,178862220,1609759.98,2791566.97999999,1.36211748618851
"A3739",0.385551044308082,0.405862065968009,13451,39195,20554608,20554608,515384459,494829850,4453468.65,25008077.65,0.21666526795354
"A3747",0.354198564096913,0.381758748639052,11930,25468,446130,0,296731113,296284984,2666564.856,3112693.85600001,5.97710052226931
"A3759",0.322778686818703,0.33423342900033,10445,21360,-504794,0,216540229,217045022,1953405.198,1448612.19800001,-3.86970962016191
"A3762",0.317822929040226,0.369102403986705,10214,15726,6279363,6279363,156545767,150266405,1352397.645,7631759.64500001,0.215371630052286
"A3764",0.34492627645612,0.375946273529721,11882,19008,13420170,13420170,220003358,206583188,1859248.692,15279418.692,0.138541366614581
"A3769",0.377981429679232,0.39792017917782,15549,19581,-1265914,0,298464037,299729950,2697569.55,1431656.55000001,-2.13092717988743
"A3770",0.395171079720733,0.41963493432067,13071,9201,16861223,16861223,117838453,100977230,908795.07,17770018.07,0.0538985262219705
"A3783",0.440808328394739,0.459889784287972,12071,11336,10383000,10383000,133275097,122892097,1106028.873,11489028.873,0.10652305431956
"A3791",0.375369749989108,0.412793638244843,10438,11340,-1288023,0,115901576,117189599,1054706.391,-233316.608999997,-0.818856799141011
"A3797",0.338068323026677,0.366822718686207,11419,12508,-849551,0,140360595,141210146,1270891.314,421340.31400001,-1.49595646876999
"A3799",0.386502126849796,0.380551225735823,19669,10242,5377372,0,194812739,189435367,1704918.303,7082290.303,0.317054186134045
"A3822",0.334404153430489,0.361680557665785,13838,29644,8907076,8907076,400657149,391750073,3525750.657,12432826.657,0.395837046523461
"A3825",0.391238918304042,0.400982205814646,11514,34781,12405281,12405281,390026224,377620943,3398588.487,15803869.487,0.273963039370087
"A3832",0.409582044226256,0.442039121730072,11344,7530,1178887,0,82873965,81695078,735255.702,1914142.70200001,0.623686326170368
"A3834",0.368781823749195,0.39625580851962,12811,100351,65041499,65041499,1254195589,1189154090,10702386.81,75743885.8099999,0.164547050337815
"A3835",0.367238020840508,0.401500230367024,11646,7708,1477012,0,87697397,86220386,775983.474,2252994.47400001,0.525373168261332
"A3840",0.389732975399917,0.415754809552142,12403,21250,-7243931,-7243931,255621969,262865900,2365793.1,-4878137.90000001,-0.326589679001635
"A3864",0.350765914024693,0.378790262935711,10569,40346,24173697,24173697,417620206,393446509,3541018.581,27714715.581,0.146482293585461
"A3873",0.407783433659474,0.413812008098634,13177,17957,5677285,0,230366345,224689060,2022201.54,7699486.53999999,0.356191654990016
"A3891",0.323252138328447,0.360979273678931,11943,17715,17150474,17150474,207385510,190235037,1712115.333,18862588.333,0.0998289804118536
"A3894",0.318403247156788,0.344844860929057,10231,11228,5748588,5748588,112010886,106262298,956360.682,6704948.682,0.166364450191942
"A3896",0.392865358195925,0.414378586775134,11851,11524,4650632,4650632,131917953,127267322,1145405.898,5796036.898,0.246290159703026
"A3899",0.483253387514638,0.538648666768067,11560,12773,12526041,12526041,143593151,131067110,1179603.99,13705644.99,0.0941721322802639
"A3908",0.310018293896858,0.338365192967102,10225,9903,2455520,0,98366578,95911058,863199.522,3318719.522,0.351534307193588
"A3919",0.353531578566766,0.377191213042319,10231,28450,11531472,11531472,283787713,272256241,2450306.169,13981778.169,0.212488585065292
"A3922",0.412352595660465,0.408846800184058,10738,8894,1977826,1977826,93236628,91258802,821329.218,2799155.21799999,0.41526869299928
"A4502",0.407153332936027,0.408745154971526,11055,15342,623725,0,165545095,164921370,1484292.33,2108017.33000001,2.37972236161772
"A4510",0.494715247280339,0.522032927181241,11064,5886,-613744,0,63082194,63695938,573263.442,-40480.5579999983,-0.934043252561331
"A4513",0.368001399414321,0.391137418712225,11169,11752,375455,0,127189856,126814402,1141329.618,1516783.618,3.03985462438908
"A4516",0.347432421415847,0.369641568898631,12449,13282,2916956,2916956,161684948,158767992,1428911.928,4345867.928,0.489864066513174
"A4527",0.342414151895895,0.362524693018628,10606,102391,36930902,36930902,1056258774,1019327871,9173950.839,46104853.839,0.248408550622457
"A4542",0.41113105592495,0.429027582669422,11650,16743,9637338,9637338,187584806,177947468,1601527.212,11238865.212,0.16617941717931
"A4546",0.430857211417686,0.449762217158846,11385,9211,7043549,7043549,101463597,94420048,849780.432,7893329.432,0.12064662743171
"A4548",0.289185620350817,0.33022437305798,9856,51113,39204619,39204619,491433647,452229027,4070061.243,43274681.243,0.103815885648576
"A4551",0.36546538037551,0.403329383942979,11785,14427,-4651203,0,165644354,170295557,1532660.013,-3118542.98699999,-0.32951905410278
"A4556",0.352372089164434,0.370906747182108,10637,39650,26075003,26075003,409838256,383763253,3453869.277,29528872.277,0.132459017435205
"A4557",0.362325951409224,0.397272915350565,11671,12661,-3280164,0,143942015,147222179,1324999.611,-1955164.389,-0.403943098881642
"A4558",0.484960843422215,0.5330857766137,14501,5471,179372,0,76354082,76174710,685572.39,864944.390000001,3.82207027852731
"A4559",0.369281255946007,0.393656516179081,13132,44306,-7441119,0,566890125,574331244,5168981.196,-2272137.80400002,-0.694651059336637
"A4563",0.34355968069788,0.387367046469862,13354,17822,4877587,4877587,232325908,227448321,2047034.889,6924621.889,0.419681881430305
"A4565",0.333714208849286,0.364314681722196,13998,8660,1162840,0,117252524,116089684,1044807.156,2207647.156,0.898496057927147
"A4566",0.433988551657477,0.451246113225785,10377,13917,7039009,7039009,140232874,133193865,1198744.785,8237753.785,0.170300220528202
"A4568",0.348389443538722,0.358387685905545,11747,6831,-1020616,0,77762831,78783447,709051.023,-311564.976999998,-0.694728500239073
"A4573",0.443971611937121,0.445113194862758,12079,15633,11454901,11454901,184407116,172952215,1556569.935,13011470.935,0.135886808188041
"A4575",0.353632885789553,0.387937509063047,11567,14491,3174116,3174116,163937431,160763315,1446869.835,4620985.83500001,0.455833950303016
"A4577",0.314707938310618,0.344130587670681,14266,13724,18758350,18758350,190945168,172186818,1549681.362,20308031.362,0.0826128823697174
"A4582",0.343967954725855,0.396740552951431,12203,10241,1555128,0,121246574,119691446,1077223.014,2632351.014,0.692690900041668
"A4585",0.561229646591824,0.572033724068909,12751,7805,2439234,0,97045693,94606460,851458.14,3290691.14,0.349067428545191
"A4588",0.373027312803975,0.42580713488411,9819,20869,-4050376,-4050376,199552940,203603316,1832429.844,-2217946.15599999,-0.452409811829818
"A4592",0.41299282741515,0.437976769815903,13645,35168,10326597,0,465306512,454979916,4094819.244,14421415.244,0.396531233280433
"A4597",0.387981673850545,0.393340833583254,12435,7765,2859349,2859349,94516601,91657252,824915.268,3684264.26800001,0.288497580393302
"A4600",0.463277887807836,0.486147009853947,9323,4966,1553136,0,45412812,43859676,394737.084,1947873.084,0.254154873752201
"A4604",0.359999330285186,0.382122603259702,11307,131874,41921746,41921746,1453118444,1411196698,12700770.282,54622516.2820001,0.302963771642528
"A4613",0.384194937535543,0.417049991453498,10466,7843,3859494,3859494,80368139,76508645,688577.805,4548071.80500001,0.178411419994436
"A4614",0.375786580354131,0.383049557863242,10686,13197,-922112,0,137644693,138566805,1247101.245,324989.245000005,-1.35244009946731
"A4617",0.317170794444442,0.346504713558317,12430,64388,8856695,0,780833645,771976950,6947792.55,15804487.55,0.784467857366653
"A4618",0.304573175786822,0.314352903186636,9568,18529,3854054,3854054,173880516,170026462,1530238.158,5384292.15799999,0.397046371950158
"A4620",0.511374026501182,0.547880576549671,12505,15237,-3617716,0,185473739,189091455,1701823.095,-1915892.905,-0.47041367951492
"A4626",0.365666421436492,0.399626928903748,10661,41919,27230319,27230319,434828537,407598218,3668383.962,30898702.962,0.13471689266659
"A4627",0.364196802018705,0.399769596308876,12200,5882,-374025,0,70124632,70498657,634487.913,260462.913000003,-1.69637835171446
"A4629",0.340366891052783,0.375345328896541,14622,24374,17950414,17950414,345008367,327057952,2943521.568,20893936.568,0.163980762115014
"A4638",0.449326845969357,0.478349355236415,10332,6686,2292145,2292145,67225033,64932889,584396.001,2876540.001,0.254955511540501
"A4641",0.347354057863307,0.376227470127051,13332,131430,23060281,0,1713359026,1690298745,15212688.705,38272969.7049999,0.659692252015486
"A4649",0.310022069726576,0.351035490435225,10643,9363,2168428,2168428,97734113,95565684,860091.156,3028520.156,0.396643170075282
"A4650",0.322114508710513,0.354962960578273,15202,4872,292622,0,71793006,71500384,643503.456,936125.456,2.19909458618969
"A4652",0.291233548527431,0.351550563674398,9792,9736,-1671149,0,92594599,94265747,848391.723,-822756.276999995,-0.50767030528098
"A4654",0.305490028088437,0.327447723011221,10002,10562,2712615,2712615,102675096,99962481,899662.329,3612277.329,0.331658686912812
"A4657",0.348459948047993,0.351575442616513,10721,7108,1156973,1156973,74169327,73012353,657111.177,1814085.177,0.567958091502568
"A4671",0.295661399025376,0.336928962528255,11079,8665,7040941,7040941,93908644,86867703,781809.327,7822750.32700001,0.11103761940343
"A4678",0.444990324693164,0.445740099501295,12652,14744,-378775,0,181257851,181636626,1634729.634,1255954.634,-4.31583297208106
"A4690",0.297255851971409,0.331230206341515,10758,8047,-1826814,-1826814,84125365,85952179,773569.611,-1053244.389,-0.423452858911745
"A4692",0.297134771203589,0.320170325426838,11297,41517,-3236148,0,455519533,458755681,4128801.129,892653.129000008,-1.27583816593061
"A4701",0.25218110702536,0.290701260007119,10410,5675,6998157,6998157,57819741,50821583,457394.247,7455552.247,0.065359386335574
"A4707",0.337859139209381,0.358979249738894,10992,13494,388936,0,144604799,144215863,1297942.767,1686878.76699999,3.33716284170144
"A4709",0.397635959429577,0.4075442558656,13468,19843,32432731,32432731,260405800,227973070,2051757.63,34484487.63,0.0632619137130325
"A4711",0.32860216599839,0.354561336044234,12345,8723,7724243,7724243,104865660,97141418,874272.762,8598514.76199999,0.113185429562482
"A4723",0.308191221040817,0.338559544499837,14842,10237,10104630,10104630,147787976,137683346,1239150.114,11343780.114,0.122631913687091
"A4733",0.375038406668887,0.393783106731753,14425,22948,35899819,35899819,324622305,288722486,2598502.374,38498321.374,0.0723820466615727
"A4737",0.288667814061651,0.338392420754725,10673,20043,20602644,20602644,208559538,187956894,1691612.046,22294256.046,0.082106551275652
"A4744",0.388373564570561,0.419753709937018,10169,11370,9733194,9733194,111849750,102116556,919049.004,10652243.004,0.0944241945655242
"A4749",0.312343429186744,0.345587906332444,13157,7961,9543289,9543289,101983510,92440221,831961.989,10375250.989,0.087177700371433
"A4754",0.384763347950986,0.412677751095776,10957,8536,957228,0,90997484,90040256,810362.304,1767590.30400001,0.846571876292801
"A4756",0.414484599257184,0.422120414748343,10232,31560,24071000,24071000,315722223,291651223,2624861.007,26695861.007,0.109046612396661
"A4757",0.488443398506072,0.510746965056392,10532,10925,9196162,9196162,111619273,102423111,921807.999,10117969.999,0.100238338450323
"A4764",0.344745992595875,0.389924523336137,12962,6251,4453283,4453283,78556009,74102726,666924.534,5120207.53399999,0.149760195792631
"A4768",0.412169345701439,0.405445637694486,9975,6268,7342070,7342070,61018956,53676886,483091.974,7825161.974,0.0657977891793458
"A4771",0.323764635791713,0.365356679361628,11928,36807,7013300,0,427423698,420410398,3783693.582,10796993.582,0.53950259963213
"A4775",0.385233184851792,0.404958914607263,16049,31712,41269457,41269457,495519135,454249679,4088247.111,45357703.111,0.0990622704582714
"A4776",0.4947585293206,0.526964908247639,11466,13358,7278469,7278469,148497729,141219260,1270973.34,8549442.34,0.174620973174441
"A4777",0.395006569634154,0.412684745506711,13500,28868,27487998,27487998,379942182,352454184,3172087.656,30660085.656,0.115399006359067
"A4778",0.297415257890077,0.345396631158056,13327,9467,9262411,9262411,123388297,114125886,1027132.974,10289543.974,0.110892614676676
"A4794",0.327388932969723,0.366779455124875,11923,10828,6611681,6611681,125946355,119334673,1074012.057,7685694.057,0.162441753768822
"A4795",0.296037524898783,0.315405032681057,31509,6488,26620895,26620895,188786575,162165680,1459491.12,28080386.12,0.0548250207215048
"A4796",0.278322115769629,0.329246229188719,11113,6161,1142758,0,66694906,65552148,589969.332,1732727.332,0.516267951744816
"A4799",0.322123089684258,0.346644719253733,10019,14305,9472794,9472794,140297995,130825201,1177426.809,10650220.809,0.124295620595147
"A4803",0.335172495464329,0.366896881040707,11765,40377,16190089,16190089,462940981,446750892,4020758.028,20210847.028,0.24834687616603
"A4807",0.419088139176293,0.425266559171446,32355,3389,2833181,0,103572810,100739629,906656.661,3739837.661,0.320013674029297
"A4809",0.340178576944844,0.37539053490794,13157,5834,2495749,0,74853499,72357750,651219.75,3146968.75,0.260931588072358
"A4814",0.330339319190958,0.364737906214079,11313,17609,-679930,0,195303240,195983171,1763848.539,1083917.539,-2.59416048563823
"A4818",0.343766358265454,0.376564588179382,12297,47972,35026108,35026108,577045998,542019890,4878179.01,39904287.01,0.139272653701633
"A4824",0.384845923829745,0.403991901112045,12930,70925,30406283,30406283,896464372,866058089,7794522.801,38200805.801,0.256345795406824
"A4825",0.271634529394025,0.327833227369593,10440,17328,-1399919,-1399919,176696299,178096218,1602865.962,202946.962000012,-1.14497050329341
"A4830",0.310139787368828,0.350963786699465,14997,17164,10625087,10625087,251431114,240806026,2167254.234,12792342.234,0.203975293002306
"A4832",0.389523417439444,0.412487596699741,13505,5736,2991025,2991025,74967559,71976535,647788.815,3638812.815,0.216577198452035
"A4839",0.491905268968395,0.571804358025686,14488,3029,1388631,0,42488082,41099451,369895.059,1758526.059,0.26637390278627
"A4856",0.330129478119057,0.347062349043385,14700,14840,12702891,12702891,212020200,199317309,1793855.781,14496746.781,0.1412163405165
"A4862",0.321819093637591,0.357787046207151,14666,11616,14509067,14509067,165603697,151094629,1359851.661,15868919.661,0.0937243353414808
"A4868",0.325850732755696,0.351330358108739,10826,59147,38194398,38194398,627893574,589699176,5307292.584,43501690.584,0.138954738440962
"A4873",0.300636393922514,0.320730108015026,14679,10882,7029895,7029895,154764590,147734695,1329612.255,8359507.255,0.189136858374129
"A4876",0.325722318838891,0.363944919179879,13097,8557,1226874,0,109237431,108010557,972095.013,2198969.013,0.792334838785398
"A4884",0.319450255048893,0.368719442238198,13032,4291,-201302,0,54277046,54478348,490305.132,289003.131999999,-2.43566945186833
"A4885",0.35381138655395,0.390379920334629,11659,12010,11395883,11395883,137209665,125813783,1132324.047,12528206.047,0.0993624668663228
"A4888",0.487246662980803,0.486958690078431,13322,6526,7003404,7003404,84108146,77104742,693942.678,7697346.678,0.0990864839440939
"A4889",0.469833622165265,0.485664616321711,10796,27673,21726485,21726485,293261933,271535448,2443819.032,24170304.032,0.112481104605738
"A4893",0.345768222653022,0.381458553361011,12381,20235,3846994,0,245345060,241498066,2173482.594,6020476.59400001,0.564982059758869
"A4894",0.337085186559162,0.379327734430818,11591,30656,24802509,24802509,346644097,321841587,2896574.283,27699084.283,0.116785575322238
"A4895",0.397501407339876,0.420440116942992,11637,12304,10796685,10796685,139114289,128317604,1154858.436,11951543.436,0.10696416872401
"A4901",0.382921324729569,0.389293772063009,12160,15276,-7374240,0,180056369,187430609,1686875.481,-5687364.51899999,-0.22875245191369
"A4911",0.350606565272939,0.38016688596464,12754,14361,6594271,6594271,178670227,172075956,1548683.604,8142954.604,0.234852890334656
"A4922",0.352846279850071,0.380485994075211,13796,41921,38289908,38289908,563003749,524713841,4722424.569,43012332.569,0.123333400774951
"A4923",0.358395744428499,0.398999637638458,10679,6881,-269284,0,71423642,71692926,645236.334,375952.334000006,-2.39611835088608
"A4924",0.324479888642191,0.344549770535086,13548,13699,4720900,0,181237647,176516747,1588650.723,6309550.72299999,0.336514377131477
"A4928",0.341926341025519,0.358544748585205,11425,7421,3892434,3892434,82690791,78798357,709185.213,4601619.213,0.182195822202766
"A4931",0.381971972910508,0.409266059566231,11542,25087,5445838,5445838,282605185,277159346,2494434.114,7940273.11400002,0.458044310903119
"A4932",0.401175232196979,0.442847453659996,11178,14778,6615727,6615727,161297336,154681610,1392134.49,8007860.49000001,0.210427892505239
"A4937",0.344502892944329,0.369514570963698,11629,20715,-846621,-846621,236191075,237037696,2133339.264,1286718.264,-2.51982795607479
"A4938",0.304212614811681,0.338553085314287,10851,34148,318832,318832,361913681,361594850,3254353.65,3573184.64999998,10.20710797536
"A4943",0.393563916378855,0.393242733623216,12064,12090,-2196872,0,142290852,144487724,1300389.516,-896482.483999997,-0.591927757283994
"A4945",0.369846882263237,0.393064949796865,10358,24386,9044821,9044821,245262968,236218147,2125963.323,11170784.323,0.235047583915703
"A4947",0.354526278904347,0.383242294642041,11927,17863,9855484,9855484,207344008,197488524,1777396.716,11632880.716,0.180345959264912
"A4949",0.328898589050928,0.351478037666223,9902,41622,4066400,4066400,402313734,398247334,3584226.006,7650626.00599998,0.881424849006488
"A4950",0.485156373301241,0.497769885577478,9687,9761,1388523,0,92488066,91099543,819895.887,2208418.88699999,0.590480594847903
"A4960",0.357183014660511,0.375806505325896,10322,9480,4676562,4676562,96009213,91332651,821993.859,5498555.859,0.175768835952565
"A4961",0.379443010676117,0.407635504099117,10901,7826,3856654,3856654,83746244,79889591,719006.319,4575659.31900001,0.186432414989783
"A4964",0.425127937060473,0.433295758174564,14727,12555,4986747,4986747,180837002,175850255,1582652.295,6569399.29499999,0.317371684386633
"A4968",0.349502786142296,0.375195320523274,11558,256202,25383366,0,2878334753,2852951387,25676562.483,51059928.4829998,1.01155073298789
"A4969",0.424150349357893,0.437913057917908,10299,7576,2113532,0,75208558,73095026,657855.234,2771387.234,0.311258705333062
"A4974",0.321282143799015,0.353462420026718,11406,13305,-5608344,0,146271467,151879811,1366918.299,-4241425.70100001,-0.243729396591934
"A4976",0.322648509728962,0.343140915072536,12078,15957,5180388,5180388,188555705,183375317,1650377.853,6830765.85299999,0.318581900236041
"A4977",0.290484988653345,0.341436577076847,10452,13339,11254923,11254923,136192477,124937553,1124437.977,12379361.977,0.0999064122428912
"A4979",0.259340907706636,0.316699911452107,10504,14388,-545321,-545321,147798380,148343701,1335093.309,789772.308999985,-2.44827048472365
"A4983",0.381638628385327,0.430494095147788,12759,5162,2993298,2993298,63455317,60462019,544158.171,3537456.171,0.181792180731754
"A4984",0.396918853645024,0.44588735526365,10881,13079,385260,0,139198907,138813647,1249322.823,1634582.82300001,3.24280439962626
"A4985",0.370646192690997,0.398074639321385,13505,6968,4627953,4627953,91200692,86572740,779154.66,5407106.66,0.168358161805013
"A4986",0.333204592253573,0.351236979992885,12276,25483,18713842,18713842,306800151,288086309,2592776.781,21306618.781,0.13854860915252
"A4988",0.248605539293687,0.307267347148498,10152,14657,4496742,4496742,144482157,139985416,1259868.744,5756609.74399999,0.280173455359455
"A4992",0.379434189490179,0.406153405776928,11270,89476,16449607,16449607,981141797,964692190,8682229.71,25131836.71,0.527807728780392
"A4994",0.43222635493287,0.432386213643727,10765,10475,3504052,3504052,109461992,105957940,953621.46,4457673.45999999,0.272148204421622
"A4996",0.318423235471826,0.33050851217598,10091,12628,2408410,0,124248203,121839793,1096558.137,3504968.13699999,0.455303763478807
"A4998",0.310460599151324,0.335856758263541,10216,12487,3900162,3900162,124391663,120491501,1084423.509,4984585.509,0.278045760406876
"A4999",0.390214512543515,0.395385667366336,9150,23644,13043885,13043885,211388843,198344958,1785104.622,14828989.622,0.136853753463789
"A5002",0.314450981846894,0.361212947516594,8836,13451,2718317,2718317,115083675,112365357,1011288.213,3729606.213,0.372027696916879
"A5003",0.337515346624679,0.357445703378715,11253,13653,7271418,7271418,150695661,143424243,1290818.187,8562236.18700001,0.177519458653045
"A5012",0.307304741324406,0.342382980596426,11825,22857,1577738,1577738,262706171,261128433,2350155.897,3927893.89700001,1.48957298169913
"A5013",0.343389348273515,0.382640005545657,12916,12875,-3311533,0,162682599,165994132,1493947.188,-1817585.81200001,-0.451134621940954
"A5022",0.358896053759817,0.371258792085868,11759,10347,5936057,5936057,118581017,112644959,1013804.631,6949862.631,0.170787718345696
"A5023",0.414811815205042,0.443805775239402,10765,10880,1801068,0,114270441,112469373,1012224.357,2813292.35699999,0.562013403713793
"A5025",0.33294915165038,0.326528088066762,10071,11542,854220,0,113605089,112750869,1014757.821,1868977.82099999,1.18793498279131
"A5028",0.434661079259199,0.457743295709265,10710,8163,2231405,0,84845481,82614076,743526.684,2974931.684,0.333210100362776
"A5030",0.301092001387115,0.337981655311518,9946,6968,2040983,0,67513773,65472790,589255.11,2630238.11,0.288711424837933
"A5032",0.446598706273986,0.489806338043616,11198,26558,3869825,3869825,288836573,284966748,2564700.732,6434525.73199999,0.662743336455781
"A5033",0.381460618267076,0.426472669063525,11966,45807,14295154,14295154,531354501,517059347,4653534.123,18948688.123,0.325532283387785
"A5037",0.494715247280339,0.515953714837948,11399,5156,75123,0,57319158,57244035,515196.315,590319.314999998,6.85803701928834
"A5038",0.379897743064374,0.414795455335422,10273,5002,-2888846,0,50047198,52936044,476424.396,-2412421.604,-0.164918585483615
"A5039",0.312680096808609,0.367749073950223,9133,8345,2189010,0,74498246,72309236,650783.124,2839793.124,0.297295637754052
"A5040",0.343227073140735,0.386264753387549,12046,32363,9226106,9226106,380486268,371260162,3341341.458,12567447.458,0.362161615962358
"A5045",0.382206166700408,0.39486057904872,11309,26019,20665264,20665264,287913712,267248448,2405236.032,23070500.032,0.116390288166655
"A5047",0.4556435719383,0.468273815831345,11421,7225,1563470,0,80196405,78632935,707696.415,2271166.41500001,0.452644703767905
"A5049",0.333536254871475,0.354895006958009,11138,28092,11297701,11297701,305881616,294583915,2651255.235,13948956.235,0.234672101430195
"A5053",0.293524312313495,0.32171540683199,10798,5632,2928115,2928115,58679269,55751154,501760.386,3429875.386,0.171359521740096
"A5055",0.456588993481277,0.48800918097328,13068,6061,3310785,3310785,76835764,73524979,661724.811,3972509.811,0.199869460263957
"A5056",0.306693133392607,0.341709850406694,12309,11150,8552735,8552735,134223245,125670510,1131034.59,9683769.59,0.132242445252893
"A5058",0.417270330696459,0.42216032362694,10036,13006,11727714,11727714,127172629,115444915,1039004.235,12766718.235,0.0885939267448029
"A5062",0.416826421418658,0.433392537475734,11009,25953,4334707,0,278516281,274181574,2467634.166,6802341.16600001,0.569273578583283
"A5066",0.380758960391702,0.393617201786148,11104,8749,724039,0,95509452,94785412,853068.708,1577108.708,1.17820961025581
"A5067",0.287982448779241,0.303829714067228,10440,7145,1987486,0,72598924,70611438,635502.942,2622988.942,0.31975216026679
"A5068",0.405640338007588,0.423123530351257,13016,8329,7821492,7821492,105761535,97940042,881460.378,8702953.37800001,0.112697344445281
"A5069",0.297797594383722,0.33105230887629,35348,7542,16856365,16856365,238853924,221997559,1997978.031,18854343.031,0.118529589920483
"A5074",0.368293535212202,0.377496606879428,12292,18723,-10229713,0,224713029,234942742,2114484.678,-8115228.322,-0.206700293351339
"A5080",0.404980993717319,0.44338517101991,12825,9659,2792441,2792441,120980583,118188142,1063693.278,3856134.278,0.380918801149244
"A5088",0.368940253670459,0.397691538974304,10841,33439,16882866,16882866,356668796,339785930,3058073.37,19940939.37,0.181134729731315
"A5092",0.409423039937931,0.437868334442743,10129,5403,3124587,3124587,53154070,50029482,450265.338,3574853.338,0.144104272980717
"A5094",0.242137883419712,0.288022383550165,11644,16540,2542196,0,187716177,185173980,1666565.82,4208762.81999999,0.655561892159374
"A5098",0.315600492978008,0.354477397979711,13129,5344,2290007,0,68171359,65881352,592932.168,2882939.168,0.258921552641541
"A5113",0.38965242739043,0.389896325250989,8217,15157,7286724,7286724,120997647,113710923,1023398.307,8310122.307,0.140446969996393
"A5116",0.395976951610423,0.402667762687672,10945,22750,11089718,11089718,243786208,232696489,2094268.401,13183987.401,0.188847849963362
"A5124",0.301589803827663,0.337044624244568,9953,31312,10266592,10266592,304145401,293878809,2644909.281,12911501.281,0.257622907484783
"A5147",0.309259568883702,0.341266393674197,12453,5991,3395922,3395922,72103253,68707331,618365.979,4014287.979,0.182090748550762
"A5148",0.416183483241614,0.446225463567754,9427,11968,2196521,0,110364195,108167674,973509.066,3170030.066,0.443204989162407
